{
  "destination": [
    {
      "id": 1,
      "value": 70,
      "label": "Atlanta"
    },
    {
      "id": 2,
      "value": 149,
      "label": "Boston"
    },
    {
      "id": 3,
      "value": 5034,
      "label": "Chicago"
    },
    {
      "id": 4,
      "value": 34501,
      "label": "Celebration"
    },
    {
      "id": 5,
      "value": 40418,
      "label": "Edgewood"
    },
    {
      "id": 6,
      "value": 39505,
      "label": "Gotha"
    },
    {
      "id": 7,
      "value": 21017,
      "label": "Haines City"
    },
    {
      "id": 8,
      "value": 10,
      "label": "Los Angeles"
    },
    {
      "id": 9,
      "value": 72,
      "label": "Miami"
    },
    {
      "id": 10,
      "value": 18421,
      "label": "Montverde"
    },
    {
      "id": 11,
      "value": 54,
      "label": "New York"
    },
    {
      "id": 12,
      "value": 23767,
      "label": "Ocoee"
    },
    {
      "id": 13,
      "value": 32190,
      "label": "Orlando area"
    },
    {
      "id": 14,
      "value": 11531,
      "label": "Poinciana"
    },
    {
      "id": 15,
      "value": 10772,
      "label": "Polk City"
    },
    {
      "id": 16,
      "value": 17969,
      "label": "San Francisco Bay"
    },
    {
      "id": 17,
      "value": 17365,
      "label": "St. Cloud"
    },
    {
      "id": 18,
      "value": 24263,
      "label": "Walt Disney World® Resort"
    },
    {
      "id": 19,
      "value": 277,
      "label": "Washington"
    },
    {
      "id": 20,
      "value": 49764,
      "label": "Windermere"
    },
    {
      "id": 21,
      "value": 22282,
      "label": "Winter Garden"
    }
  ],
  "hotels": [
    {
      "id": 5018105,
      "name": "Woogo Central Park - Tempo Apartments",
      "address": "240 West 73rd Street",
      "city": "New York",
      "state": null,
      "country_code": "US",
      "hotel_rating": 4,
      "phone_number": "18005740835",
      "website": null,
      "image": 0
    },
    {
      "id": 11003176,
      "name": "Amolite Hotel",
      "address": "Avenida Curitiba, 811",
      "city": "New York",
      "state": null,
      "country_code": "BR",
      "hotel_rating": 0,
      "phone_number": null,
      "website": null,
      "image": 1
    },
    {
      "id": 747134,
      "name": "Redford Hotel",
      "address": "136 Ludlow Street",
      "city": "New York",
      "state": "NY",
      "country_code": "US",
      "hotel_rating": 3.5,
      "phone_number": "212260414",
      "website": null,
      "image": 2
    },
    {
      "id": 720550,
      "name": "Hotel Richland New York",
      "address": "5 Allen Street",
      "city": "New York",
      "state": "NY",
      "country_code": "US",
      "hotel_rating": 3,
      "phone_number": "1 212 2191018",
      "website": null,
      "image": 3
    },
    {
      "id": 797074,
      "name": "Studio Lux Times Square",
      "address": "between 9 Avenue and 8 Avenue",
      "city": "New York",
      "state": "NY",
      "country_code": "US",
      "hotel_rating": 2.5,
      "phone_number": null,
      "website": null,
      "image": 4
    },
    {
      "id": 742987,
      "name": "The Bowery Hotel",
      "address": "335 Bowery",
      "city": "New York",
      "state": "NY",
      "country_code": "US",
      "hotel_rating": 4,
      "phone_number": null,
      "website": null,
      "image": 5
    },
    {
      "id": 743452,
      "name": "AC Hotel by Marriott New York Times Square",
      "address": "260 West 40th Street",
      "city": "New York",
      "state": "NY",
      "country_code": "US",
      "hotel_rating": 3.5,
      "phone_number": "1-212-398-2700",
      "website": null,
      "image": 6
    },
    {
      "id": 260469,
      "name": "The Ridge Hotel",
      "address": "151 East Houston Street",
      "city": "New York",
      "state": "NY",
      "country_code": "US",
      "hotel_rating": 3,
      "phone_number": "1 212 777-0012",
      "website": null,
      "image": 7
    },
    {
      "id": 386689,
      "name": "Back Bay Suites",
      "address": "11 Hereford St.",
      "city": "Boston",
      "state": "MA",
      "country_code": "US",
      "hotel_rating": 2.5,
      "phone_number": null,
      "website": null,
      "image": 0
    },
    {
      "id": 567484,
      "name": "Global Luxury Suites at The Theatre District",
      "address": "99 Kneeland St.",
      "city": "Boston",
      "state": "MA",
      "country_code": "US",
      "hotel_rating": 3.5,
      "phone_number": null,
      "website": null,
      "image": 1
    },
    {
      "id": 677300,
      "name": "Vibrant 1BR in Fenway by Sonder",
      "address": "Beacon Street and Park dr",
      "city": "Boston",
      "state": "MA",
      "country_code": "US",
      "hotel_rating": 4,
      "phone_number": null,
      "website": null,
      "image": 2
    },
    {
      "id": 820605,
      "name": "Unique 1BR in Financial District by Sonder",
      "address": "120 Milk St, Unit 801",
      "city": "Boston",
      "state": "MA",
      "country_code": "US",
      "hotel_rating": null,
      "phone_number": null,
      "website": null,
      "image": 3
    },
    {
      "id": 731189,
      "name": "Charming 2BR in South End by Sonder",
      "address": "Columbia Road & G Street",
      "city": "Boston",
      "state": "MA",
      "country_code": "US",
      "hotel_rating": 3.5,
      "phone_number": null,
      "website": null,
      "image": 4
    },
    {
      "id": 721848,
      "name": "Stunning 4BR in Downtown Crossing by Sonder",
      "address": "Hamilton Place",
      "city": "Boston",
      "state": "MA",
      "country_code": "US",
      "hotel_rating": 3.5,
      "phone_number": null,
      "website": null,
      "image": 5
    },
    {
      "id": 677341,
      "name": "Classic 3BR in Allston by Sonder",
      "address": "Brainerd Road and Harvard St",
      "city": "Boston",
      "state": "MA",
      "country_code": "US",
      "hotel_rating": 3.5,
      "phone_number": null,
      "website": null,
      "image": 6
    },
    {
      "id": 677347,
      "name": "Posh 2BR in Allston by Sonder",
      "address": "Western Avenue and N Harvard",
      "city": "Boston",
      "state": "MA",
      "country_code": "US",
      "hotel_rating": 3.5,
      "phone_number": null,
      "website": null,
      "image": 7
    },
    {
      "id": 810445,
      "name": "Sophisticated 2BR in Downtown Crossing by Sonder",
      "address": "Boylston Street",
      "city": "Boston",
      "state": "MA",
      "country_code": "US",
      "hotel_rating": 3.5,
      "phone_number": null,
      "website": null,
      "image": 8
    },
    {
      "id": 677372,
      "name": "Posh Studio in Downtown Crossing by Sonder",
      "address": "Arch Street and Summer st",
      "city": "Boston",
      "state": "MA",
      "country_code": "US",
      "hotel_rating": 3,
      "phone_number": null,
      "website": null,
      "image": 9
    },
    {
      "id": 677520,
      "name": "Lively 1BR in Theater District by Sonder",
      "address": "Warrenton Street and Stuart St",
      "city": "Boston",
      "state": "MA",
      "country_code": "US",
      "hotel_rating": 3.5,
      "phone_number": null,
      "website": null,
      "image": 10
    },
    {
      "id": 705227,
      "name": "Charming 1BR in Seaport by Sonder",
      "address": "D Street",
      "city": "Boston",
      "state": "MA",
      "country_code": "US",
      "hotel_rating": 3.5,
      "phone_number": null,
      "website": null,
      "image": 11
    },
    {
      "id": 696618,
      "name": "Central 1BR in Fenway by Sonder",
      "address": "Brookline Avenue",
      "city": "Boston",
      "state": "MA",
      "country_code": "US",
      "hotel_rating": 4,
      "phone_number": null,
      "website": null,
      "image": 12
    },
    {
      "id": 677526,
      "name": "Simple Studio in Downtown Crossing by Sonder",
      "address": "Arch Street and Summer st",
      "city": "Chicago",
      "state": "IL",
      "country_code": "US",
      "hotel_rating": 3.5,
      "phone_number": null,
      "website": null,
      "image": 0
    },
    {
      "id": 677527,
      "name": "Modern 3BR in Brighton by Sonder",
      "address": "Larose Place and Monastery rd",
      "city": "Chicago",
      "state": "IL",
      "country_code": "US",
      "hotel_rating": 3.5,
      "phone_number": null,
      "website": null,
      "image": 1
    },
    {
      "id": 677528,
      "name": "Pleasant Back Bay Suites by Sonder",
      "address": "Newbury Street and Fairfield Street",
      "city": "Chicago",
      "state": "IL",
      "country_code": "US",
      "hotel_rating": 3.5,
      "phone_number": null,
      "website": null,
      "image": 2
    },
    {
      "id": 677537,
      "name": "Sonder - The Continuum",
      "address": "Western Avenue and N Harvard",
      "city": "Chicago",
      "state": "IL",
      "country_code": "US",
      "hotel_rating": 3.5,
      "phone_number": null,
      "website": null,
      "image": 3
    },
    {
      "id": 696614,
      "name": "Smart 1BR in Seaport by Sonder",
      "address": "D Street",
      "city": "Chicago",
      "state": "IL",
      "country_code": "US",
      "hotel_rating": 3.5,
      "phone_number": null,
      "website": null,
      "image": 4
    },
    {
      "id": 677694,
      "name": "Unique 2BR in Downtown Crossing by Sonder",
      "address": "Washington Street and Essex St",
      "city": "Chicago",
      "state": "IL",
      "country_code": "US",
      "hotel_rating": 4,
      "phone_number": null,
      "website": null,
      "image": 5
    },
    {
      "id": 677550,
      "name": "Posh Studio in Back Bay by Sonder",
      "address": "Newbury Street and Fairfield Street",
      "city": "Chicago",
      "state": "IL",
      "country_code": "US",
      "hotel_rating": 3,
      "phone_number": null,
      "website": null,
      "image": 6
    },
    {
      "id": 787996,
      "name": "Vibrant 2BR in Downtown Crossing by Sonder",
      "address": "Washington Street",
      "city": "Chicago",
      "state": "IL",
      "country_code": "US",
      "hotel_rating": 4,
      "phone_number": null,
      "website": null,
      "image": 7
    },
    {
      "id": 900001,
      "name": "Atlanta Grand Hotel",
      "address": "123 Peachtree St",
      "city": "Atlanta",
      "state": "GA",
      "country_code": "US",
      "hotel_rating": 4.5,
      "phone_number": "111-222-3333",
      "website": "www.some.site",
      "image": 0
    },
    {
      "id": 900002,
      "name": "Peach Tree Inn",
      "address": "456 Sweet Auburn Ave",
      "city": "Atlanta",
      "state": "GA",
      "country_code": "US",
      "hotel_rating": 3.5,
      "phone_number": "111-222-4444",
      "website": null,
      "image": 1
    },
    {
      "id": 900003,
      "name": "Celebration Resort & Spa",
      "address": "789 Magical Way",
      "city": "Celebration",
      "state": "FL",
      "country_code": "US",
      "hotel_rating": 5,
      "phone_number": "222-333-4444",
      "website": null,
      "image": 0
    },
    {
      "id": 900004,
      "name": "Enchanted Stays",
      "address": "101 Dream Blvd",
      "city": "Celebration",
      "state": "FL",
      "country_code": "US",
      "hotel_rating": 4,
      "phone_number": "222-333-5555",
      "website": null,
      "image": 1
    },
    {
      "id": 900005,
      "name": "Edgewood Urban Suites",
      "address": "202 Elm St",
      "city": "Edgewood",
      "state": "GA",
      "country_code": "US",
      "hotel_rating": 3,
      "phone_number": "333-444-5555",
      "website": null,
      "image": 0
    },
    {
      "id": 900006,
      "name": "Gotha Lake View Inn",
      "address": "303 Lakefront Dr",
      "city": "Gotha",
      "state": "FL",
      "country_code": "US",
      "hotel_rating": 4,
      "phone_number": "444-555-6666",
      "website": null,
      "image": 0
    },
    {
      "id": 900007,
      "name": "Haines City Comfort Stay",
      "address": "404 Main St",
      "city": "Haines City",
      "state": "FL",
      "country_code": "US",
      "hotel_rating": 3,
      "phone_number": "555-666-7777",
      "website": null,
      "image": 0
    },
    {
      "id": 900008,
      "name": "Hollywood Hills Hotel",
      "address": "505 Sunset Blvd",
      "city": "Los Angeles",
      "state": "CA",
      "country_code": "US",
      "hotel_rating": 4.5,
      "phone_number": "666-777-8888",
      "website": null,
      "image": 0
    },
    {
      "id": 900009,
      "name": "LA Downtown Suites",
      "address": "606 Figueroa St",
      "city": "Los Angeles",
      "state": "CA",
      "country_code": "US",
      "hotel_rating": 4,
      "phone_number": "666-777-9999",
      "website": null,
      "image": 1
    },
    {
      "id": 900010,
      "name": "Miami Beach Paradise",
      "address": "707 Ocean Dr",
      "city": "Miami",
      "state": "FL",
      "country_code": "US",
      "hotel_rating": 4.5,
      "phone_number": "777-888-9999",
      "website": null,
      "image": 0
    },
    {
      "id": 900011,
      "name": "South Beach Oasis",
      "address": "808 Collins Ave",
      "city": "Miami",
      "state": "FL",
      "country_code": "US",
      "hotel_rating": 4,
      "phone_number": "777-888-0000",
      "website": null,
      "image": 1
    },
    {
      "id": 900012,
      "name": "Montverde Countryside Lodge",
      "address": "909 Green Acres Rd",
      "city": "Montverde",
      "state": "FL",
      "country_code": "US",
      "hotel_rating": 3.5,
      "phone_number": "888-999-0000",
      "website": null,
      "image": 0
    },
    {
      "id": 900013,
      "name": "Ocoee Lakeside Retreat",
      "address": "111 Shoreline Dr",
      "city": "Ocoee",
      "state": "FL",
      "country_code": "US",
      "hotel_rating": 3,
      "phone_number": "999-000-1111",
      "website": null,
      "image": 0
    },
    {
      "id": 900014,
      "name": "Orlando Magic Stay",
      "address": "222 Universal Blvd",
      "city": "Orlando area",
      "state": "FL",
      "country_code": "US",
      "hotel_rating": 4,
      "phone_number": "000-111-2222",
      "website": null,
      "image": 0
    },
    {
      "id": 900015,
      "name": "Poinciana Palms Inn",
      "address": "333 Poinciana Blvd",
      "city": "Poinciana",
      "state": "FL",
      "country_code": "US",
      "hotel_rating": 3,
      "phone_number": "111-222-3333",
      "website": null,
      "image": 0
    },
    {
      "id": 900016,
      "name": "Polk City Getaway",
      "address": "444 Countryside Rd",
      "city": "Polk City",
      "state": "FL",
      "country_code": "US",
      "hotel_rating": 2.5,
      "phone_number": "222-333-4444",
      "website": null,
      "image": 0
    },
    {
      "id": 900017,
      "name": "Bay Area Boutique Hotel",
      "address": "555 Market St",
      "city": "San Francisco Bay",
      "state": "CA",
      "country_code": "US",
      "hotel_rating": 4.5,
      "phone_number": "333-444-5555",
      "website": null,
      "image": 0
    },
    {
      "id": 900018,
      "name": "Cloud Nine Resort",
      "address": "666 Heavenly Dr",
      "city": "St. Cloud",
      "state": "FL",
      "country_code": "US",
      "hotel_rating": 3.5,
      "phone_number": "444-555-6666",
      "website": null,
      "image": 0
    },
    {
      "id": 900019,
      "name": "Magic Kingdom Hotel",
      "address": "777 Fantasy Way",
      "city": "Walt Disney World® Resort",
      "state": "FL",
      "country_code": "US",
      "hotel_rating": 5,
      "phone_number": "555-666-7777",
      "website": null,
      "image": 0
    },
    {
      "id": 900020,
      "name": "Washington Monument Inn",
      "address": "888 Capital St",
      "city": "Washington",
      "state": "DC",
      "country_code": "US",
      "hotel_rating": 4,
      "phone_number": "666-777-8888",
      "website": null,
      "image": 0
    },
    {
      "id": 900021,
      "name": "Windermere Lakeside Villas",
      "address": "999 Tranquil Rd",
      "city": "Windermere",
      "state": "FL",
      "country_code": "US",
      "hotel_rating": 4.5,
      "phone_number": "777-888-9999",
      "website": null,
      "image": 0
    },
    {
      "id": 900022,
      "name": "Winter Garden Gardens Hotel",
      "address": "101 Garden Blvd",
      "city": "Winter Garden",
      "state": "FL",
      "country_code": "US",
      "hotel_rating": 3.5,
      "phone_number": "888-999-0000",
      "website": null,
      "image": 0
    },
    {
      "id": 900023,
      "name": "Celebration Inn",
      "address": "10 Downing St",
      "city": "Celebration",
      "state": "FL",
      "country_code": "US",
      "hotel_rating": 3,
      "phone_number": "222-333-6666",
      "website": null,
      "image": 2
    },
    {
      "id": 900024,
      "name": "Los Angeles Grand View",
      "address": "111 Sunset Strip",
      "city": "Los Angeles",
      "state": "CA",
      "country_code": "US",
      "hotel_rating": 4,
      "phone_number": "666-777-1111",
      "website": null,
      "image": 2
    },
    {
      "id": 900025,
      "name": "Miami Downtown Hotel",
      "address": "222 Biscayne Blvd",
      "city": "Miami",
      "state": "FL",
      "country_code": "US",
      "hotel_rating": 3.5,
      "phone_number": "777-888-2222",
      "website": null,
      "image": 2
    },
    {
      "id": 900026,
      "name": "San Francisco Golden Gate Suites",
      "address": "333 Lombard St",
      "city": "San Francisco Bay",
      "state": "CA",
      "country_code": "US",
      "hotel_rating": 4.5,
      "phone_number": "333-444-6666",
      "website": null,
      "image": 1
    },
    {
      "id": 900027,
      "name": "Washington DC Capital Hotel",
      "address": "444 K St NW",
      "city": "Washington",
      "state": "DC",
      "country_code": "US",
      "hotel_rating": 4,
      "phone_number": "666-777-9999",
      "website": null,
      "image": 14
    },
    {
      "id": 900028,
      "name": "Windermere Estates",
      "address": "555 Lake View Dr",
      "city": "Windermere",
      "state": "FL",
      "country_code": "US",
      "hotel_rating": 4,
      "phone_number": "777-888-0000",
      "website": null,
      "image": 9
    },
    {
      "id": 900029,
      "name": "Atlanta Comfort Inn",
      "address": "789 Park Ave",
      "city": "Atlanta",
      "state": "GA",
      "country_code": "US",
      "hotel_rating": 3,
      "phone_number": "111-222-5555",
      "website": null,
      "image": 7
    },
    {
      "id": 900030,
      "name": "Edgewood Place Hotel",
      "address": "987 Main St",
      "city": "Edgewood",
      "state": "GA",
      "country_code": "US",
      "hotel_rating": 2.5,
      "phone_number": "333-444-6666",
      "website": null,
      "image": 6
    },
    {
      "id": 900031,
      "name": "Gotha Resort",
      "address": "654 Forest Rd",
      "city": "Gotha",
      "state": "FL",
      "country_code": "US",
      "hotel_rating": 4.5,
      "phone_number": "444-555-7777",
      "website": null,
      "image": 1
    },
    {
      "id": 900032,
      "name": "Haines City Suites",
      "address": "321 Lake Dr",
      "city": "Haines City",
      "state": "FL",
      "country_code": "US",
      "hotel_rating": 3.5,
      "phone_number": "555-666-8888",
      "website": null,
      "image": 4
    },
    {
      "id": 900033,
      "name": "Montverde Resort",
      "address": "876 Hillside Way",
      "city": "Montverde",
      "state": "FL",
      "country_code": "US",
      "hotel_rating": 3,
      "phone_number": "888-999-1111",
      "website": null,
      "image": 13
    },
    {
      "id": 900034,
      "name": "Ocoee Inn",
      "address": "234 River Rd",
      "city": "Ocoee",
      "state": "FL",
      "country_code": "US",
      "hotel_rating": 2.5,
      "phone_number": "999-000-2222",
      "website": null,
      "image": 12
    },
    {
      "id": 900035,
      "name": "Orlando Vacation Homes",
      "address": "567 Theme Park Dr",
      "city": "Orlando area",
      "state": "FL",
      "country_code": "US",
      "hotel_rating": 4,
      "phone_number": "000-111-3333",
      "website": null,
      "image": 8
    },
    {
      "id": 900036,
      "name": "Poinciana Grand Hotel",
      "address": "890 Sunshine Blvd",
      "city": "Poinciana",
      "state": "FL",
      "country_code": "US",
      "hotel_rating": 3.5,
      "phone_number": "111-222-4444",
      "website": null,
      "image": 2
    },
    {
      "id": 900037,
      "name": "Polk City Lodge",
      "address": "123 Old Farm Rd",
      "city": "Polk City",
      "state": "FL",
      "country_code": "US",
      "hotel_rating": 2,
      "phone_number": "222-333-5555",
      "website": null,
      "image": 9
    },
    {
      "id": 900038,
      "name": "St. Cloud Retreat",
      "address": "456 Lake Shore Dr",
      "city": "St. Cloud",
      "state": "FL",
      "country_code": "US",
      "hotel_rating": 3,
      "phone_number": "444-555-7777",
      "website": null,
      "image": 7
    },
    {
      "id": 900039,
      "name": "Disney World Hotel",
      "address": "789 Magic Way",
      "city": "Walt Disney World® Resort",
      "state": "FL",
      "country_code": "US",
      "hotel_rating": 5,
      "phone_number": "555-666-8888",
      "website": null,
      "image": 3
    },
    {
      "id": 900040,
      "name": "Winter Garden Plaza",
      "address": "678 Main Street",
      "city": "Winter Garden",
      "state": "FL",
      "country_code": "US",
      "hotel_rating": 3,
      "phone_number": "888-999-1111",
      "website": null,
      "image": 5
    }
  ]
}